texto,user,fecha,fuente,clase
"Yo me gradue este año, y debo decirte pura corrupcion, mi carrera me pedian 800 tenia 856 y otros tenían 620 o algo asi entraron, y yo un año sin estudiar quede luego pude entrar de suerte",CadisEtrama170,2024-04-24,Reddit,0
A mí me dijeron que me rechazan por no ser persona natural,Yady,2025-04-30,Tik Tok,0
wey a mi no me ha llegado nada,Valeria,2025-04-30,Tik Tok,0
Me llegó en la madrugada y recién veo que he sido rechazada,Sam,2025-04-30,Tik Tok,0
Ami no me llega ni el correo. ,Maria,2025-05-01,Tik Tok,0
" a mí tampoco me reconocía la cámara, me quitaron como 15 minutos y no alcance a dar atención y concentración:'",Anahii,2025-05-01,Tik Tok,0
"Ya es el segundo día y sigue así, porquería que es el sistema público nomás",Alexander,2026-02-06,Tik Tok,0
yo actualice los datos y ahora no me deja entra,Victor,2026-06-19,Tik Tok,0
"a mí me da miedo espol xq dicen q es matemáticas pura, y yo soy malísimo en matemáticas ",Bryan.R,2025-11-07,Tik Tok,0
si pero los preuniversitarios no sirvieron en esta ves no les tomaron nada de Loque hoy les tomaron ,Sarita Santamaria,2026-07-27,Tik Tok,0
el examen de ESPE estaba en la vrg ,ALEPROSS,2026-07-26,Tik Tok,0
El senecyt según el gobierno le daba cupo y prioridad a personas con escasez económica no veían los puntos ,Bridaya,2023-05-02,Tik Tok,0
"Con esta forma de dar cupo solo crean a gente mediocre, mis amigos y yo (con 950) no nos dieron cupos y a gente con 460 si ",Clark,2025-05-04,Tik Tok,0
la universidad hizo una injusticia yo saque nota alta y no me.dieron cupo y una amiga le dieron y saco menos q yo ,Jeniffer97,2025-05-02,Tik Tok,0
"Mi novio lleva 3 años intentando entrar, para esta vez estudió por 6 meses y a la final se le cayó la pagina y para la reprogramación no se le prendía ",Agosto,2023-05-04,Tik Tok,0
hay un Man en la UArtes con 496 y tiene cupo xd yo tengo casi 900 y nada me río para no llorar :'') ,Paracetamol,2023-05-02,Tik Tok,0
ni carga la página,.,2026-03-30,Tik Tok,0
a mí me sale que no se encontró información en el registro civil que hago ayúda ,Mari,2025-05-28,Tik Tok,0
tengo el comprobante y me sale que no hice el registro ,Jocker Scorpeo Bsc,2026-02-07,Tik Tok,0
a mí me sale que no estoy habilitado para participar en el proceso pero no tengo ninguna sanción porque nunca me andado un cupo ,Mauricio Marcalla,2022-05-22,Tik Tok,0
pero si tengo el certificado y ahora me sale que no estoy registrado ,,2026-02-07,Tik Tok,0
mejor que solucionen los problemas dela plataforma y reprogramen exámenes para todos ,Kathe,2023-04-13,Tik Tok,0
"Cuenten las cosas como son ,esa pendejadas no son grátis, al cuento de compra instrumentos , uniformes y demás vainas te sacan el costo al triple ",nobody,2025-07-27,X,0
nunca han sido transparente es un proceso viciado solo a perder el dinero va uno. ,diVA,2025-10-19,Tik Tok,0
ami no me aceptan la foto y ya mande como 3 en fondo blanco como las pueden ellos ,yuli,2026-06-30,Tik Tok,0
"deberían dar un apoyo sicólogico , emocional ya llevo tres veces postulando y no me dan cupo mi puntaje es súper alto y estoy en grupo de prioridad me siento devastada,no quiero postular a una carrera que no me gusta que no me apasionado",Karlita,2026-04-03,Tik Tok,0
tanta razón mi hija postulo en medicina enfermería con 910 y arquitectura con nota de 985 en la Unemi y no le dieron cupo no sé si es porq estudio en colegio privado ,July Gomez,2026-04-03,Tik Tok,0
"Me pasó, me salió cupo asignado para Ing.en Sistemas, y una hora después volví a revisar y ya me salió no asignado",Jeremi Mnedoza,2026-04-01,Tik Tok,0
No se abre la página de aceptación de cupo ,Patricio Hurtado,2026-04-02,Tik Tok,0
"Pésima experiencia con el preuniversitario. Me ofrecieron un curso desde cero y cuando llego, que realizó el pago de $80, me meten en un grupo ya avanzado. Y como solicité el reembolso, me quitaron $30 por un ejercicio numérico y ejercicios de verbal, que fue lo que se hizo en la clase. Muy desleal. ",Ron Robles,2026-07-28,Tik Tok,0
"mi hijo hizo el curso de preparación con uds, y me dijeron que ingresaba xq ingresaba y no pudo xq solo tomaron matemáticas y uds se centraron solo en razonamiento. deben reestructurar bien sus cursos ",Karina Cevallos Viva,2026-03-27,Tik Tok,0
"esa senescyt es una porquería y en realidad no valoran los esfuerzos de los postulantes porque en carreras como la medicina le han dado cupo a personas con puntajes mediocre de 700, pero a los que tienen más de 900 se los negaron",Uriel.,2026-03-28,Tik Tok,0
"que todo es con palanca porque mi sobrina lleva dando el examen 4 veces y a pesar de tener puntos altos, nunca le dan un cupo",Sofia,2026-03-25,Tik Tok,0
"Que pena como invierte el gobierno en 12 años de preparación...y en un par meses ya saben todo para ingresar a una universidad...esperemos que no aya alcanzado la corrupción en los cupos, que doloroso un país sin meritocracia... ",Mario Javier Torres Gonzales,2025-07-29,Facebook ,0
Muchos estudiantes no pueden acceder a un cupo en la universidad por qué ni siquiera se es habilita para poder dar las pruebas como pueden acceder a un cupo. ,Johanna Cobeña,2024-07-24,Facebook ,0
"Mi hija no lo logró por culpa de los tramposos que ocupan esos cupos. Pero a mí ella no me estorba en mi casa, yo feliz de que se tome su tan merecido descanso después de tanto trabajo para ser una estudiante excelente. Más adelante se verá si los que entraron de favor se logran graduar, y si los que realmente se merecen, logran ser exitosos en la vida, siendo honestos y trabajadores. La vida no es una competencia contra los demás, sino con uno mismo. Al final, las cosas caen por su propio peso. ",Nathy,2026-03-28,Tik Tok,0
850 puntos y no me asignen un cupo y otros que sacaron menos s le dieroni es injusto ,Maria,2026-03-28,Tik Tok,0
es muy doloroso como padres porque no se valora ni el esfuerzo ni el sacrificio de nuestros hijos no vale la pena tener un excelente récord académico ni haber sacado alto puntaje esto frustra más a nuestros hijos. ,Mayri Sandoval,2026-04-04,Tik Tok,0
"Ese sistema de admision es una porquería por q condena a un estudiante pera toda la vida ej si tiene 8.5 en la nota de grado,asi se esfuerce y saque 1000 puntos en la evaluación no llegaría 1000 =500 evaluacion 850=425 sumado eso nunca llegaría a mas de925 puntos eso está mal quita oportunidades ",Jimmy Mantuano,2026-03-29,Tik Tok,0
MUCHOS PRIVILEGIOS. CUANTOS CUPOS DESPERDICIADOS ,EL FABRY,2026-02-28,Tik Tok,0
"Con estos tiempos tan difíciles que es poder obtener un cupo, es mejor aceptarlo a quedarte sin estudiar.",Pao PC,2025-02-23,Tik Tok,1
yo en este momento acepte la que no no pensaba estudiar pero bueno a echarle ganas ,Liliana_D,2025-03-23,Tik Tok,1
"A mi me sale que está siendo ocupado por otro usuario , y aún no me he registrado , recién estoy para graduarme",Santtiago,2026-02-06,Tik Tok,1
"el examen de ingreso no están difícil, difícil es pasar el pre eso sí es difícil",Maelsabel,2025-01-30,Tik Tok,1
"es un golpe bajo, hay personas que no te dejarán avanzar, pero por otro lado habrán esas que te apoyan, así sea solo una, yo pensé que no lo podría lograr y ya voy para tercer semestre, ánimos",Mariop_Or,2025-01-29,Tik Tok,1
amigo lo difícil no es entrar lo difícil es salir de la espol mucha suerte ,Riro ssj,2026-01-27,Tik Tok,1
lo que ya dimos el examen de admisión en el registro pasado y tenemos nuestro puntaje no podemos postular con el mismo puntaje o debemos de dar de nuevo el exámen ,vivi,2026-04-28,Tik Tok,1
"Llevo esperando un cupo hace 3 años, mi nota de postulación a sido buena y eso no sirve de nada, uno trata de seguir siendo positivo pero es injusto. ",Memi,2024-02-05,Tik Tok,1
"Recuerden el examen no te garantiza un cupo, todos merecen oportunidades yo quedé fuera peor segui intentando y lo logré! ",Ariel Castro,2023-05-03,Tik Tok,1
Profe a esta nota se le sumaría la nota de grado para sacar nota de postulación verdad ,R U S S,2024-08-30,Tik Tok,1
me puede ayudar con los simuladores para institutos ,STIVENX,2026-07-16,Tik Tok,1
y si no aparece el titulo bachiller pero recién me gradué en febrero pero no me aparece ,Rous,2026-05-04,Tik Tok,1
ese puntaje necesito para estar en la carrera que quiero :'v ,Luis.A,2022-04-12,Tik Tok,1
si se me perdieron los papeles del ser bachiller hay otra forma de averiguar cuál fue mi puntuación en el ser bachiller ? ,Bri,2022-02-12,Tik Tok,1
"y para las carreras focalizadas, osea para la policía o el ejército ",Orlando,2022-01-29,Tik Tok,1
"Me llegó un correo de q me dieron cupo en la espe y revisé en su página de admisiones y si lo tengo, pero no me sale nda en la página de la senecyt, q hago? 😔 ",Seba *-*,2025-08-06,Tik Tok,1
El examen es virtual o presencial ,.,2026-07-14,Tik Tok,1
como se cuando me toca el examen ,Nora,2026-07-24,Tik Tok,1
a que se refiere cupo directo porfavor expliqueme ,PS. Freddy Castro,2026-03-04,Tik Tok,1
Cuando se puede hacer lo del registro único y cuando es la segunda inscripción ,Lisbyzay ,2026-07-27,Tik Tok,1
"alegría total, pase con 950 puntos!!!",Vero_M,2026-03-03,YouTube,2
"Excelente, la mejor guía de estudio que pude encontrar",Angie_P,2025-11-14,YouTube,2
Admitida en la EPN 🥳 gracias totales!!,Gaby_Mendoza,2026-06-18,YouTube,2
"Buen video, muy claro todo el proceso de la senescyt de este año",Samy_17,2024-11-03,YouTube,2
"Gran ayuda comunitaria, se agradece de corazón",Roberto_C,2023-06-28,YouTube,2
"Me quedó súper claro lo del puntaje de antecedentes académicos, gracias",Jess_Vlogs,2024-11-11,YouTube,2
"me sirvio full la explicacion de las fechas, estaba confundido",Mateo_Pro,2023-12-07,YouTube,2
Muy buen aporte para los que postulamos a la U de Cuenca,Silvia_P,2025-12-15,YouTube,2
"muchas gracias profe, me sirvió muchísimo este video para la prueba de la uce",Cristhian_Ec,2023-04-26,YouTube,2
"gracias a sus clases aprobé el examen, bendiciones",Lorena_V,2024-11-09,YouTube,2
Gracias por el esfuerzo que hacen para ayudarnos a los bachilleres,MariaJose99,2023-04-20,YouTube,2
Gane cupo en la carrera que queria! pura felicidad,Kevin_Crack10,2025-03-30,YouTube,2
Por fin alguien que explica sin dar tantas vueltas. Genial,Javi_L,2025-06-09,YouTube,2
¿Qué pasa si no acepto el cupo en la primera etapa?,Caro_Lopez,2023-01-16,YouTube,1
¿Alguien tiene el link directo a la página de inscripción que mencionan?,Bryan_Ochoa,2025-12-20,YouTube,1
"En el video dicen que hay que subir un pdf, ¿qué peso máximo debe tener?",Josue_T,2025-10-06,YouTube,1
"Gran profe, enseña mejor que en mi colegio jaja",Majo_2025,2026-02-19,YouTube,2
gracias por aclarar lo de las carreras focalizadas,Karen_S,2024-01-07,YouTube,2
"Dios le bendiga, gracias a sus consejos pude sacar buen puntaje",Oscar_Perez,2024-05-15,YouTube,2
"super claro, gracias por tomarse el tiempo de explicar paso a paso",Alejandro_Z,2023-10-15,YouTube,2
"Disculpe, para postular a los institutos técnicos es el mismo enlace?",Diana_Estudiante,2025-01-31,YouTube,1
"muy bien explicado, me sirvio para ayudar a mi hermano con su inscripcion",Cami_Velez,2025-10-24,YouTube,2
"me sirvió, ya completé el registro sin errores",Dani_Moreno,2025-08-21,YouTube,2
Admitido en enfermería!! gracias por tanta paciencia al explicar,Danny_Ec,2025-05-23,YouTube,2
"lo logré, gracias por las clases gratuitas",Tati_B,2024-03-25,YouTube,2
¿A qué hora habilitan la plataforma para ver los puntajes?,Richie_22,2025-10-14,YouTube,1
Este canal es una bendición para los que no podemos pagar un pre,Andres_Felipe_Ec,2025-01-02,YouTube,2
"Alguien me ayuda, me sale error al intentar recuperar mi contraseña de la senescyt",AlexGamerX,2025-05-01,YouTube,1
Saben si el puntaje del colegio pesa el 50% o el 30% para las ingenierías?,Xavier_M,2026-02-13,YouTube,1
"Excelente material, los simuladores me sirvieron de mucho",JuanDiego_Ec,2023-06-02,YouTube,2
"Para medicina en la central, ¿hay alguna prueba adicional de conocimientos?",Mika_Estudia,2024-05-13,YouTube,1
"Me ayudó bastante a organizarme para dar la prueba en la estatal de guayaquil, exitos",David_Gomez,2025-10-18,YouTube,2
"Tengo problemas con la plataforma, se queda cargando cuando pongo mis datos",Paula_V,2024-03-12,YouTube,1
"Felicitaciones por el canal, siempre suben info util y a tiempo",Luis_Fernando21,2025-04-13,YouTube,2
"gracias a esto pude aceptar mi cupo a tiempo, casi se me pasa la fecha",Antoni_Ec,2026-03-30,YouTube,2
"pasé!! obtuve cupo para medicina en la central, mil gracias",Domenica_G,2026-05-17,YouTube,2
útil y directo al grano. buen trabajo,Juanpi_23,2024-05-10,YouTube,2
"Entendí todo, súper didáctico el video 👏",CarlosM_2004,2023-12-28,YouTube,2
"Que gran ayuda, estaba super perdido con lo de la postulación",Samanta_99,2025-11-14,YouTube,2
"buenísima la info, ya me suscribí",Esteban_Quito,2023-10-26,YouTube,2
¿Saben si se puede cambiar de sede una vez dado el examen?,Nathaly_C,2023-11-13,YouTube,1
"Tengo una duda, si quiero estudiar dos carreras, ¿cómo se hace el trámite?",Jhonny_593,2024-12-28,YouTube,1
¿Este proceso también aplica para los que ya nos graduamos hace años?,Ivan_Dario,2025-10-11,YouTube,1
El cronograma que muestran es el oficial de este año?,Nicole_A,2023-08-25,YouTube,1
"Buen profe, la vocación se nota. Saludos desde Manabí",Melany_L,2026-01-10,YouTube,2
"me ayudó a tranquilizarme, estaba muy nervioso por el examen",AnaLucia_Vlogs,2026-03-14,YouTube,2
¿Este temario es el mismo que van a tomar en la Universidad de Manabí?,Belen_R,2023-09-14,YouTube,1
"super, ya compartí el video con mis compañeros del curso",Sofidelgado,2026-04-01,YouTube,2
"gracias, la parte de razonamiento lógico la entendí a la perfección aquí",Gema_V,2025-09-07,YouTube,2
"Hola, ¿alguien sabe hasta qué fecha se puede hacer el registro en la página?",Leo_Messi_Ec,2024-06-21,YouTube,1
"orgullo total, ya soy universitario. sus videos fueron clave",Felipe_C,2025-08-12,YouTube,2
Excelente explicación! al fin entendí como funciona lo del registro nacional.,Erick_G,2024-07-27,YouTube,2
¿Cuántas opciones de carrera puedo poner en total?,Cinthya_M,2026-06-01,YouTube,1
¿Alguien de la costa que me confirme si las fechas son las mismas?,Sebas_123,2025-02-04,YouTube,1
¿Cuándo salen los resultados de la segunda fase de postulación?,Adrian_R,2023-06-28,YouTube,1
"exito total, ya estoy matriculado, sigan así",Evelyn_Estudios,2023-06-28,YouTube,2
Logré mi cupo en la ESPOL!!! gracias por toda la ayuda en el canal ❤️,Diego_Armando_593,2026-03-23,YouTube,2
"Para los de la región sierra, ¿el proceso empieza el otro mes?",Valeria_98,2025-12-30,YouTube,1
"El mejor video que he visto sobre la admisión 2026, lo máximo",Gabriel_Ec,2024-06-08,YouTube,2
"Para la UG, ¿el examen es presencial o virtual este semestre?",Jorge_Luis2024,2023-04-24,YouTube,1
"La verdad intento entrar al sistema y me sale error de credenciales, nadie ayuda. Es una burla para los estudiantes.",MateoLopez99,2023-10-31,YouTube,0
"Otra vez la misma historia: intento entrar al sistema y me sale error de credenciales, nadie ayuda. Me rindo con esta gente.",PedroMendoza_oficial,2024-04-15,Facebook,0
"No puede ser, la página se cayó justo cuando iba a aceptar el cupo. Nadie soluciona nada.",MartinaCastro123,2023-09-13,YouTube,0
La verdad la página se cayó justo cuando iba a aceptar el cupo. Estoy harto de esto.,PedroSilvaxd,2023-03-26,Facebook,0
"Qué asco, ya me cansé de esperar, creo que me toca buscar una privada.",LuisMacias98,2024-06-26,Reddit,0
"Sinceramente llevo 3 semestres intentando y nada, pura corrupción. Me rindo con esta gente.",MateoLopez01,2023-07-03,Facebook,0
"Pésimo servicio, ya me cansé de esperar, creo que me toca buscar una privada. Nadie soluciona nada.",CamilaMacias777,2025-02-04,Facebook,0
"Pésimo servicio, ya me cansé de esperar, creo que me toca buscar una privada. Me rindo con esta gente.",SamGarcia_oficial,2023-02-12,Reddit,0
"Wey, me rechazaron la postulación sin ninguna explicación lógica. Me rindo con esta gente.",JuanVeraxd,2023-10-04,Facebook,0
"Otra vez la misma historia: puro fraude, mi nota era de 920 y me dejaron fuera de la carrera. Qué decepción.",SamGarciaxd,2024-12-02,Facebook,0
La verdad la página se cayó justo cuando iba a aceptar el cupo. Fatal el sistema.,CarlosGomez24,2025-08-14,YouTube,0
"La verdad ya me cansé de esperar, creo que me toca buscar una privada. Una injusticia total.",PedroMendoza123,2024-09-08,YouTube,0
"Wey, este proceso de admisión es el peor que han inventado. Nadie soluciona nada.",CamilaPerez777,2023-06-25,YouTube,0
"Qué asco, intento entrar al sistema y me sale error de credenciales, nadie ayuda. Una injusticia total.",MariaSilva_oficial,2023-08-06,YouTube,0
"No puede ser, intento entrar al sistema y me sale error de credenciales, nadie ayuda. Fatal el sistema.",MateoCastro123,2024-10-20,YouTube,0
"Increíble, ya me cansé de esperar, creo que me toca buscar una privada. Una injusticia total.",SamGomez123,2023-03-25,Reddit,0
"Increíble, llevo 3 semestres intentando y nada, pura corrupción.",AlexZambrano777,2024-09-03,YouTube,0
"Wey, la página se cayó justo cuando iba a aceptar el cupo. Fatal el sistema.",DiegoZambrano2025,2023-09-25,Facebook,0
"Otra vez la misma historia: puro fraude, mi nota era de 920 y me dejaron fuera de la carrera.",LuciaGarcia2025,2023-09-30,Reddit,0
"Increíble, llevo 3 semestres intentando y nada, pura corrupción. Fatal el sistema.",MariaSilva123,2025-12-14,YouTube,0
"Qué asco, llevo 3 semestres intentando y nada, pura corrupción. Qué decepción.",PedroCastro123,2026-03-18,Facebook,0
La verdad me rechazaron la postulación sin ninguna explicación lógica.,MateoGarciaxd,2023-05-15,YouTube,0
"No puede ser, llevo 3 semestres intentando y nada, pura corrupción. Me rindo con esta gente.",AlexCastroxd,2024-02-01,Facebook,0
"Increíble, este proceso de admisión es el peor que han inventado. Me rindo con esta gente.",MariaMacias24,2026-04-09,Reddit,0
"Qué asco, me rechazaron la postulación sin ninguna explicación lógica. Nadie soluciona nada.",ValeriaCastro01,2025-07-16,YouTube,0
"Increíble, intento entrar al sistema y me sale error de credenciales, nadie ayuda. Una injusticia total.",DiegoMacias123,2023-03-11,YouTube,0
La verdad este proceso de admisión es el peor que han inventado. Qué decepción.,AlexLopez24,2023-08-17,Facebook,0
"Otra vez la misma historia: intento entrar al sistema y me sale error de credenciales, nadie ayuda. Fatal el sistema.",CarlosVera2025,2023-05-23,Reddit,0
"Qué asco, mi examen no se guardó por un fallo del servidor, perdí todo mi avance. Es una burla para los estudiantes.",SamPerez123,2025-08-25,YouTube,0
Sinceramente nunca me llegó el correo de confirmación de la plataforma. Nadie soluciona nada.,PedroPerez2025,2025-12-08,Reddit,0
"Increíble, me rechazaron la postulación sin ninguna explicación lógica. Una injusticia total.",JuanGomez777,2025-12-15,Facebook,0
"No puede ser, la página se cayó justo cuando iba a aceptar el cupo. Me rindo con esta gente.",AnaZambrano24,2024-08-30,YouTube,0
"Wey, mi examen no se guardó por un fallo del servidor, perdí todo mi avance.",CarlosMendoza_oficial,2025-12-01,YouTube,0
"No puede ser, mi examen no se guardó por un fallo del servidor, perdí todo mi avance. Es una burla para los estudiantes.",AlexLopez2025,2024-09-25,YouTube,0
"Qué asco, nunca me llegó el correo de confirmación de la plataforma. Estoy harto de esto.",ValeriaZambrano777,2023-11-08,Reddit,0
"Increíble, puro fraude, mi nota era de 920 y me dejaron fuera de la carrera. Nadie soluciona nada.",CarlosLopez99,2023-09-04,Reddit,0
Sinceramente este proceso de admisión es el peor que han inventado. Me rindo con esta gente.,DiegoMendoza777,2023-07-16,Facebook,0
La verdad nunca me llegó el correo de confirmación de la plataforma. Una injusticia total.,SofiaVera_oficial,2026-03-17,Reddit,0
"Increíble, llevo 3 semestres intentando y nada, pura corrupción. Qué decepción.",MartinaPerez01,2023-07-18,Facebook,0
"La verdad llevo 3 semestres intentando y nada, pura corrupción. Es una burla para los estudiantes.",AlexZambrano_oficial,2024-07-11,Facebook,0
"Qué asco, te piden puntajes imposibles y otros con menos nota entran por palancas. Una injusticia total.",LuciaMendoza24,2025-01-09,Reddit,0
Otra vez la misma historia: te piden puntajes imposibles y otros con menos nota entran por palancas. Me rindo con esta gente.,JuanMacias123,2023-05-08,Reddit,0
"Qué asco, mi examen no se guardó por un fallo del servidor, perdí todo mi avance. Una injusticia total.",DiegoGomez99,2025-03-21,YouTube,0
"Qué asco, puro fraude, mi nota era de 920 y me dejaron fuera de la carrera. Qué decepción.",AnaVera123,2025-05-13,Reddit,0
"Qué asco, intento entrar al sistema y me sale error de credenciales, nadie ayuda.",SofiaLopez_oficial,2024-02-15,YouTube,0
"Qué asco, este proceso de admisión es el peor que han inventado. Es una burla para los estudiantes.",CarlosCastro2025,2023-12-28,Reddit,0
"Sinceramente intento entrar al sistema y me sale error de credenciales, nadie ayuda. Estoy harto de esto.",CarlosVera_oficial,2023-02-10,Reddit,0
Sinceramente la página se cayó justo cuando iba a aceptar el cupo.,LuciaLopez_oficial,2024-07-20,Reddit,0
"No puede ser, ya me cansé de esperar, creo que me toca buscar una privada. Estoy harto de esto.",AnaZambrano777,2024-10-17,Reddit,0
"Otra vez la misma historia: puro fraude, mi nota era de 920 y me dejaron fuera de la carrera. Fatal el sistema.",SamMendoza123,2023-11-14,Facebook,0
"Respecto al puntaje, yo me registré ayer y me salió un mensaje de validación pendiente. Solo queda esperar.",MateoSilva01,2025-01-18,YouTube,1
"Tengo una duda, toca coger lo que hay, la situación está difícil para estudiar. Así me dijeron.",MartinaGomez_oficial,2024-06-04,YouTube,1
"Alguien sabe si toca coger lo que hay, la situación está difícil para estudiar. Alguien que me oriente por favor.",SofiaGarcia98,2026-05-18,Reddit,1
"Respecto al puntaje, la prueba de la ESPOL es presencial o virtual este año? Si alguien sabe me avisa.",CamilaMacias24,2025-01-11,Reddit,1
"Hola, una pregunta: cuándo publican las fechas exactas para el registro nacional? Si alguien sabe me avisa.",ValeriaVera24,2025-08-21,Facebook,1
Para los que ya pasaron: se puede postular con la nota del periodo pasado? Gracias de antemano.,ValeriaGarciaxd,2023-05-18,YouTube,1
Alguien sabe si cuándo publican las fechas exactas para el registro nacional? Así me dijeron.,CamilaMendoza_oficial,2025-04-14,YouTube,1
"Hola, una pregunta: si acepto este cupo, luego puedo pedir cambio de carrera? Si alguien sabe me avisa.",MariaZambrano24,2024-09-04,YouTube,1
"Alguien sabe si hay que tener paciencia nomás, la plataforma a veces se demora en actualizar. Alguien que me oriente por favor.",MariaMendoza98,2024-08-17,YouTube,1
"Alguien sabe si si acepto este cupo, luego puedo pedir cambio de carrera?",JuanLopezxd,2026-05-05,Reddit,1
Me comentaron que la nota de grado vale el 50% de la postulación. Solo queda esperar.,LuciaGomez777,2023-08-29,Reddit,1
"Respecto al puntaje, toca coger lo que hay, la situación está difícil para estudiar. Solo queda esperar.",MateoLopezxd,2023-03-23,Facebook,1
"Para los que ya pasaron: hay que tener paciencia nomás, la plataforma a veces se demora en actualizar. Si alguien sabe me avisa.",AnaMendoza123,2023-03-11,YouTube,1
"Alguien sabe si hay que tener paciencia nomás, la plataforma a veces se demora en actualizar. Si alguien sabe me avisa.",LuciaSilvaxd,2025-02-09,YouTube,1
"Disculpen, toca coger lo que hay, la situación está difícil para estudiar. Gracias de antemano.",JuanSilvaxd,2023-05-06,Reddit,1
"Disculpen, cuándo publican las fechas exactas para el registro nacional? Así me dijeron.",MartinaZambranoxd,2023-12-26,Reddit,1
"Hola, una pregunta: se puede postular con la nota del periodo pasado?",AlexMendoza24,2025-12-29,YouTube,1
Yo me registré ayer y me salió un mensaje de validación pendiente. Saludos.,SamGarcia_oficial,2023-05-19,YouTube,1
Alguien sabe si cuándo publican las fechas exactas para el registro nacional? Solo queda esperar.,CarlosCastro99,2024-10-12,Reddit,1
"Hola, una pregunta: se puede postular con la nota del periodo pasado? Si alguien sabe me avisa.",CamilaMendoza98,2026-02-10,Facebook,1
Para los que ya pasaron: cuándo publican las fechas exactas para el registro nacional? Saludos.,MariaGomez98,2026-05-07,YouTube,1
Para los que ya pasaron: saben si el temario de este año cambió en comparación al 2023? Alguien que me oriente por favor.,CarlosVera777,2023-08-20,Facebook,1
"Tengo una duda, hay que tener paciencia nomás, la plataforma a veces se demora en actualizar. Solo queda esperar.",DiegoMendoza777,2024-04-05,YouTube,1
Para los que ya pasaron: yo me registré ayer y me salió un mensaje de validación pendiente. Gracias de antemano.,PedroCastro01,2024-01-01,YouTube,1
Para los que ya pasaron: yo me registré ayer y me salió un mensaje de validación pendiente. Solo queda esperar.,CarlosCastro24,2024-11-24,Reddit,1
"Disculpen, me comentaron que la nota de grado vale el 50% de la postulación. Así me dijeron.",PedroSilva24,2023-11-20,Reddit,1
"Tengo una duda, el examen es solo un requisito, lo difícil es mantenerse en primer semestre. Gracias de antemano.",MartinaZambrano01,2026-05-03,Facebook,1
"Para los que ya pasaron: toca coger lo que hay, la situación está difícil para estudiar. Solo queda esperar.",LuciaGarcia24,2024-11-07,YouTube,1
Para los que ya pasaron: me comentaron que la nota de grado vale el 50% de la postulación. Solo queda esperar.,LuisSilva01,2023-04-24,YouTube,1
"Para los que ya pasaron: el examen es solo un requisito, lo difícil es mantenerse en primer semestre.",DiegoGarcia123,2024-01-10,Facebook,1
Alguien sabe si yo me registré ayer y me salió un mensaje de validación pendiente. Gracias de antemano.,AnaGomez2025,2023-02-08,Reddit,1
Se puede postular con la nota del periodo pasado? Alguien que me oriente por favor.,MateoVera2025,2024-01-10,YouTube,1
"Si acepto este cupo, luego puedo pedir cambio de carrera?",CarlosGarcia24,2023-01-05,Reddit,1
"Hola, una pregunta: hay que tener paciencia nomás, la plataforma a veces se demora en actualizar. Alguien que me oriente por favor.",AnaPerez2025,2026-02-11,YouTube,1
"Hay que tener paciencia nomás, la plataforma a veces se demora en actualizar. Así me dijeron.",PedroMacias99,2024-08-26,Reddit,1
"El examen es solo un requisito, lo difícil es mantenerse en primer semestre. Solo queda esperar.",MartinaMacias01,2023-10-18,Reddit,1
Alguien sabe si yo me registré ayer y me salió un mensaje de validación pendiente.,DiegoLopezxd,2024-04-07,Facebook,1
"Respecto al puntaje, hay que tener paciencia nomás, la plataforma a veces se demora en actualizar. Gracias de antemano.",CamilaLopez24,2023-07-20,YouTube,1
"Respecto al puntaje, se puede postular con la nota del periodo pasado? Solo queda esperar.",LuciaSilva98,2023-07-06,Facebook,1
Saben si el temario de este año cambió en comparación al 2023? Saludos.,AnaGomez_oficial,2024-03-16,Facebook,1
"Alguien sabe si el examen es solo un requisito, lo difícil es mantenerse en primer semestre. Solo queda esperar.",LuisCastro123,2023-06-26,Facebook,1
Alguien sabe si la prueba de la ESPOL es presencial o virtual este año? Solo queda esperar.,SofiaLopez98,2023-11-16,Reddit,1
"Disculpen, hay que tener paciencia nomás, la plataforma a veces se demora en actualizar. Si alguien sabe me avisa.",ValeriaZambrano01,2023-09-05,Facebook,1
"Toca coger lo que hay, la situación está difícil para estudiar. Así me dijeron.",AlexGomez_oficial,2024-02-14,YouTube,1
"Alguien sabe si el examen es solo un requisito, lo difícil es mantenerse en primer semestre. Si alguien sabe me avisa.",LuisLopez2025,2024-08-12,Reddit,1
"Disculpen, me comentaron que la nota de grado vale el 50% de la postulación. Gracias de antemano.",MateoGarcia98,2026-04-04,Facebook,1
"Respecto al puntaje, yo me registré ayer y me salió un mensaje de validación pendiente. Gracias de antemano.",AlexMendoza01,2023-06-27,Reddit,1
"Tengo una duda, saben si el temario de este año cambió en comparación al 2023? Saludos.",CarlosPerez2025,2024-03-27,Facebook,1
"Hay que tener paciencia nomás, la plataforma a veces se demora en actualizar. Gracias de antemano.",LuciaVera2025,2026-04-27,Facebook,1
Yo me registré ayer y me salió un mensaje de validación pendiente. Alguien que me oriente por favor.,MartinaZambrano123,2025-12-17,Reddit,1
Totalmente agradecido. sus clases me ayudaron a sacar 950 puntos en el examen. Éxitos a todos.,LuciaGarcia123,2025-03-08,Reddit,2
"Por fin, todo el proceso fue súper rápido y no tuve problemas con la página. 10/10 la explicación.",MateoMendoza99,2024-03-19,Facebook,2
Por fin obtuve un cupo en la carrera de mis sueños. Sigan así.,PedroMendozaxd,2025-02-02,Facebook,2
"Me asignaron la primera opción de postulación, no lo puedo creer. 10/10 la explicación.",LuisVera777,2025-05-13,Facebook,2
"Súper recomendado, la guía de estudio está excelente, me sirvió muchísimo para el razonamiento. Éxitos a todos.",MariaMacias24,2024-12-05,YouTube,2
¡Qué felicidad! por fin obtuve un cupo en la carrera de mis sueños. Éxitos a todos.,AnaMendoza2025,2023-12-30,YouTube,2
"Por fin, la guía de estudio está excelente, me sirvió muchísimo para el razonamiento. Éxitos a todos.",MartinaSilva_oficial,2023-03-16,YouTube,2
"Gracias a Dios, ya me llegó el correo de confirmación, admitido en Medicina!!! Gracias totales.",CarlosCastro99,2024-01-18,YouTube,2
"Por fin, con esfuerzo todo se puede, yo quedé fuera antes pero hoy lo logré. Gracias totales.",CamilaMendoza99,2024-11-05,YouTube,2
"Increíble, por fin obtuve un cupo en la carrera de mis sueños. ¡A celebrar!",SamPerez01,2023-11-29,YouTube,2
Todo el proceso fue súper rápido y no tuve problemas con la página.,CamilaGarciaxd,2025-05-11,Reddit,2
¡Qué felicidad! por fin obtuve un cupo en la carrera de mis sueños. Sigan así.,AlexSilva24,2024-04-17,Reddit,2
"Ya me llegó el correo de confirmación, admitido en Medicina!!! Sigan así.",CamilaLopezxd,2023-08-10,YouTube,2
"Por fin, este video me aclaró todas las dudas del proceso, súper útil. 10/10 la explicación.",CarlosCastroxd,2025-07-06,YouTube,2
"Increíble, este video me aclaró todas las dudas del proceso, súper útil. ¡A celebrar!",JuanMacias98,2025-09-11,Reddit,2
"Increíble, me asignaron la primera opción de postulación, no lo puedo creer. Gracias totales.",MariaMacias_oficial,2025-12-14,YouTube,2
"Totalmente agradecido. ya me llegó el correo de confirmación, admitido en Medicina!!!",ValeriaGarcia2025,2024-06-03,Reddit,2
"Este video me aclaró todas las dudas del proceso, súper útil. ¡A celebrar!",SamZambrano99,2024-07-27,Facebook,2
Totalmente agradecido. por fin obtuve un cupo en la carrera de mis sueños. Gracias totales.,JuanMacias2025,2024-03-11,YouTube,2
"¡Qué felicidad! logré entrar a la UCE con mi puntaje, estoy muy emocionado. 10/10 la explicación.",LuisZambrano24,2024-11-30,Facebook,2
"Increíble, este video me aclaró todas las dudas del proceso, súper útil.",LuisMacias_oficial,2024-10-01,Facebook,2
"¡Qué felicidad! me asignaron la primera opción de postulación, no lo puedo creer.",CamilaSilva_oficial,2024-01-24,Reddit,2
"¡Qué felicidad! con esfuerzo todo se puede, yo quedé fuera antes pero hoy lo logré. Gracias totales.",ValeriaZambrano98,2023-12-27,YouTube,2
"Gracias a Dios, la guía de estudio está excelente, me sirvió muchísimo para el razonamiento.",MariaSilva99,2025-03-02,Reddit,2
"Ya me llegó el correo de confirmación, admitido en Medicina!!! Demasiado feliz.",SamGomez_oficial,2023-10-02,Reddit,2
"Por fin, con esfuerzo todo se puede, yo quedé fuera antes pero hoy lo logré. Bendiciones profe.",ValeriaPerezxd,2024-02-17,Facebook,2
"Súper recomendado, la guía de estudio está excelente, me sirvió muchísimo para el razonamiento. Gracias totales.",LuciaMacias2025,2024-09-24,Facebook,2
Totalmente agradecido. sus clases me ayudaron a sacar 950 puntos en el examen. 10/10 la explicación.,LuisMacias_oficial,2025-04-11,YouTube,2
"Increíble, logré entrar a la UCE con mi puntaje, estoy muy emocionado.",AlexLopezxd,2025-07-18,Facebook,2
"Totalmente agradecido. el simulador que compartieron es buenísimo, gracias por la ayuda. Bendiciones profe.",MariaVera99,2026-04-14,Reddit,2
"La guía de estudio está excelente, me sirvió muchísimo para el razonamiento. Éxitos a todos.",AnaMacias123,2023-06-02,YouTube,2
"Súper recomendado, todo el proceso fue súper rápido y no tuve problemas con la página.",LuciaCastro24,2025-06-07,YouTube,2
"Por fin, ya me llegó el correo de confirmación, admitido en Medicina!!! 10/10 la explicación.",MateoLopez2025,2025-05-20,Facebook,2
"Gracias a Dios, el simulador que compartieron es buenísimo, gracias por la ayuda. Bendiciones profe.",AnaLopez01,2026-06-08,YouTube,2
Totalmente agradecido. sus clases me ayudaron a sacar 950 puntos en el examen. Bendiciones profe.,ValeriaVera123,2023-09-05,YouTube,2
"Excelente noticia, este video me aclaró todas las dudas del proceso, súper útil. 10/10 la explicación.",CarlosPerez24,2026-03-30,Reddit,2
"Excelente noticia, ya me llegó el correo de confirmación, admitido en Medicina!!! 10/10 la explicación.",LuisGarcia_oficial,2025-07-27,YouTube,2
"Súper recomendado, todo el proceso fue súper rápido y no tuve problemas con la página.",LuisGomez777,2025-02-18,Reddit,2
"Increíble, todo el proceso fue súper rápido y no tuve problemas con la página. Sigan así.",CarlosMacias98,2026-06-06,Facebook,2
¡Qué felicidad! por fin obtuve un cupo en la carrera de mis sueños. Demasiado feliz.,CamilaZambrano01,2025-05-06,YouTube,2
"Gracias a Dios, el simulador que compartieron es buenísimo, gracias por la ayuda. ¡A celebrar!",ValeriaMacias_oficial,2024-04-11,YouTube,2
"Por fin, me asignaron la primera opción de postulación, no lo puedo creer. ¡A celebrar!",CarlosSilvaxd,2024-01-17,Reddit,2
"Totalmente agradecido. ya me llegó el correo de confirmación, admitido en Medicina!!! Gracias totales.",CamilaCastro123,2024-10-13,Reddit,2
"Por fin, la guía de estudio está excelente, me sirvió muchísimo para el razonamiento. Gracias totales.",LuisVera_oficial,2023-01-28,Facebook,2
"Ya me llegó el correo de confirmación, admitido en Medicina!!! Sigan así.",PedroLopez777,2026-04-25,Reddit,2
Todo el proceso fue súper rápido y no tuve problemas con la página.,JuanMendozaxd,2025-07-23,Reddit,2
"Por fin, me asignaron la primera opción de postulación, no lo puedo creer.",MariaCastro_oficial,2025-12-08,Facebook,2
"¡Qué felicidad! ya me llegó el correo de confirmación, admitido en Medicina!!! Sigan así.",AlexMendoza98,2023-02-10,Reddit,2
Totalmente agradecido. por fin obtuve un cupo en la carrera de mis sueños. Sigan así.,SamPerez98,2024-02-26,Reddit,2
"Gracias a Dios, el simulador que compartieron es buenísimo, gracias por la ayuda. 10/10 la explicación.",MartinaPerez777,2023-06-26,Reddit,2
